<?xml version="1.0" encoding="UTF-8"?>
<project-private xmlns="http://www.netbeans.org/ns/project-private/1">
    <editor-bookmarks xmlns="http://www.netbeans.org/ns/editor-bookmarks/1"/>
    <open-files xmlns="http://www.netbeans.org/ns/projectui-open-files/1">
        <file>file:/home/andrea/delc/elc117-2012a/src/java/animation/TheirAnimator/Animator/src/animator/ObjectSet.java</file>
        <file>file:/home/andrea/delc/elc117-2012a/src/java/animation/TheirAnimator/Animator/src/animator/AnimatorController.java</file>
        <file>file:/home/andrea/delc/elc117-2012a/src/java/animation/TheirAnimator/Animator/src/animator/Image.java</file>
        <file>file:/home/andrea/delc/elc117-2012a/src/java/animation/TheirAnimator/Animator/src/animator/AnimationPanel.java</file>
        <file>file:/home/andrea/delc/elc117-2012a/src/java/animation/TheirAnimator/Animator/src/animator/AnimatorGUI.java</file>
    </open-files>
</project-private>
